{
  "algorithm": "Random Forest",
  "trained_at": "2026-04-30T23:13:19.925696",
  "parameters": {
    "n_estimators": 100,
    "max_depth": 15,
    "min_samples_split": 10,
    "min_samples_leaf": 5,
    "random_state": 42,
    "n_jobs": -1
  },
  "metrics": {
    "accuracy": 0.8041163946061036,
    "precision": 0.6701388888888888,
    "recall": 0.516042780748663,
    "f1": 0.5830815709969789,
    "roc_auc": 0.843160505308843
  },
  "feature_count": 30
}