{
  "generated_at": "2026-05-01T10:12:14.913023",
  "dataset": "IBM Telco Customer Churn",
  "n_samples": 7043,
  "n_features": 30,
  "churn_rate": 0.2653698707936959,
  "models": [
    {
      "model": "Logistic Regression",
      "accuracy": 0.7402413058907026,
      "precision": 0.506896551724138,
      "recall": 0.786096256684492,
      "f1": 0.6163522012578616,
      "roc_auc": 0.8414012245214291
    },
    {
      "model": "Random Forest",
      "accuracy": 0.7622427253371186,
      "precision": 0.5387673956262425,
      "recall": 0.7245989304812834,
      "f1": 0.6180159635119726,
      "roc_auc": 0.8410615102430959
    },
    {
      "model": "XGBoost",
      "accuracy": 0.801277501774308,
      "precision": 0.6702898550724637,
      "recall": 0.4946524064171123,
      "f1": 0.5692307692307692,
      "roc_auc": 0.8433193830892041
    }
  ],
  "best_model": "XGBoost",
  "best_roc_auc": 0.8433193830892041,
  "graphiques": [
    "comparison_metrics.png",
    "comparison_roc_curves.png",
    "comparison_confusion_matrices.png",
    "comparison_radar.png",
    "comparison_table.png"
  ]
}