{
  "generated_at": "2026-05-30T04:30:28.491062",
  "dataset": "unknown",
  "n_samples": 0,
  "n_features": 0,
  "churn_rate": 0.0,
  "models": [
    {
      "model": "Deep Learning",
      "accuracy": 0.7913413768630234,
      "precision": 0.6242236024844721,
      "recall": 0.5374331550802139,
      "f1": 0.5775862068965517,
      "roc_auc": 0.8353018677826862
    },
    {
      "model": "Logistic Regression",
      "accuracy": 0.7402413058907026,
      "precision": 0.506896551724138,
      "recall": 0.786096256684492,
      "f1": 0.6163522012578616,
      "roc_auc": 0.8414012245214291
    },
    {
      "model": "Random Forest",
      "accuracy": 0.8041163946061036,
      "precision": 0.6701388888888888,
      "recall": 0.516042780748663,
      "f1": 0.5830815709969789,
      "roc_auc": 0.843160505308843
    },
    {
      "model": "XGBoost Fixed",
      "accuracy": 0.801277501774308,
      "precision": 0.6702898550724637,
      "recall": 0.4946524064171123,
      "f1": 0.5692307692307692,
      "roc_auc": 0.8433193830892041
    }
  ],
  "best_model": "XGBoost Fixed",
  "best_roc_auc": 0.8433193830892041,
  "graphiques": [
    "comparison_metrics.png",
    "comparison_roc_curves.png",
    "comparison_confusion_matrices.png",
    "comparison_radar.png",
    "comparison_table.png"
  ]
}