{
  "algorithm": "XGBoost Fixed",
  "trained_at": "2026-05-16T13:07:26.691542",
  "best_iteration": 27,
  "metrics": {
    "accuracy": 0.801277501774308,
    "precision": 0.6702898550724637,
    "recall": 0.4946524064171123,
    "f1": 0.5692307692307692,
    "roc_auc": 0.8433193830892041
  },
  "shap_enabled": true
}