{
  "algorithm": "Deep Learning",
  "trained_at": "2026-05-30T05:31:21.123054",
  "epochs_run": 17,
  "metrics": {
    "accuracy": 0.794889992902768,
    "precision": 0.6307692307692307,
    "recall": 0.5481283422459893,
    "f1": 0.586552217453505,
    "roc_auc": 0.8382236689142061
  }
}